ts,value
2021-12-02 00:30:00,406592.0
2021-12-02 01:00:00,398848.0
2021-12-02 01:30:00,395200.0
2021-12-02 02:00:00,402688.0
2021-12-02 02:30:00,411072.0
2021-12-02 03:00:00,408704.0
2021-12-02 03:30:00,413120.0
2021-12-02 04:00:00,403840.0
2021-12-02 04:30:00,401408.0
2021-12-02 05:00:00,404608.0
2021-12-02 05:30:00,402048.0
2021-12-02 06:00:00,402176.0
2021-12-02 06:30:00,396608.0
2021-12-02 07:00:00,393664.0
2021-12-02 07:30:00,397952.0
2021-12-02 08:00:00,394624.0
2021-12-02 08:30:00,396352.0
2021-12-02 09:00:00,400576.0
2021-12-02 09:30:00,394240.0
2021-12-02 10:00:00,401216.0
2021-12-02 10:30:00,395840.0
2021-12-02 11:00:00,396800.0
2021-12-02 11:30:00,371200.0
2021-12-02 12:00:00,361472.0
2021-12-02 12:30:00,371456.0
2021-12-02 13:00:00,368640.0
2021-12-02 13:30:00,326400.0
2021-12-02 14:00:00,313088.0
2021-12-02 14:30:00,290816.0
2021-12-02 15:00:00,297728.0
2021-12-02 15:30:00,293888.0
2021-12-02 16:00:00,290304.0
2021-12-02 16:30:00,286976.0
2021-12-02 17:00:00,284160.0
2021-12-02 17:30:00,278272.0
2021-12-02 18:00:00,274176.0
2021-12-02 18:30:00,275456.0
2021-12-02 19:00:00,278016.0
2021-12-02 19:30:00,268288.0
2021-12-02 20:00:00,267776.0
2021-12-02 20:30:00,267008.0
2021-12-02 21:00:00,265216.0
2021-12-02 21:30:00,265216.0
2021-12-02 22:00:00,263680.0
2021-12-02 22:30:00,280064.0
2021-12-02 23:00:00,284416.0
2021-12-02 23:30:00,354496.0
2021-12-03 00:00:00,373376.0
2021-12-03 00:30:00,394560.0
2021-12-03 01:00:00,389568.0
2021-12-03 01:30:00,395520.0
2021-12-03 02:00:00,400384.0
2021-12-03 02:30:00,399744.0
2021-12-03 03:00:00,404544.0
2021-12-03 03:30:00,395264.0
2021-12-03 04:00:00,391040.0
2021-12-03 04:30:00,391872.0
2021-12-03 05:00:00,379008.0
2021-12-03 05:30:00,386304.0
2021-12-03 06:00:00,396992.0
2021-12-03 06:30:00,389824.0
2021-12-03 07:00:00,397312.0
2021-12-03 07:30:00,404736.0
2021-12-03 08:00:00,396160.0
2021-12-03 08:30:00,407104.0
2021-12-03 09:00:00,398912.0
2021-12-03 09:30:00,398016.0
2021-12-03 10:00:00,395392.0
2021-12-03 10:30:00,392384.0
2021-12-03 11:00:00,396352.0
2021-12-03 11:30:00,372736.0
2021-12-03 12:00:00,358400.0
2021-12-03 12:30:00,372224.0
2021-12-03 13:00:00,369664.0
2021-12-03 13:30:00,336896.0
2021-12-03 14:00:00,315392.0
2021-12-03 14:30:00,292864.0
2021-12-03 15:00:00,287488.0
2021-12-03 15:30:00,293632.0
2021-12-03 16:00:00,286720.0
2021-12-03 16:30:00,273152.0
2021-12-03 17:00:00,279296.0
2021-12-03 17:30:00,279296.0
2021-12-03 18:00:00,279552.0
2021-12-03 18:30:00,274176.0
2021-12-03 19:00:00,270848.0
2021-12-03 19:30:00,276224.0
2021-12-03 20:00:00,277248.0
2021-12-03 20:30:00,275456.0
2021-12-03 21:00:00,270848.0
2021-12-03 21:30:00,279296.0
2021-12-03 22:00:00,281344.0
2021-12-03 22:30:00,289024.0
2021-12-03 23:00:00,297472.0
2021-12-03 23:30:00,348288.0
2021-12-04 00:00:00,351616.0
2021-12-04 00:30:00,360960.0
2021-12-04 01:00:00,358720.0
2021-12-04 01:30:00,365504.0
2021-12-04 02:00:00,357888.0
2021-12-04 02:30:00,381952.0
2021-12-04 03:00:00,372096.0
2021-12-04 03:30:00,371904.0
2021-12-04 04:00:00,381248.0
2021-12-04 04:30:00,337984.0
2021-12-04 05:00:00,341568.0
2021-12-04 05:30:00,325120.0
2021-12-04 06:00:00,323264.0
2021-12-04 06:30:00,321792.0
2021-12-04 07:00:00,-204544.0
2021-12-04 07:30:00,820928.0
2021-12-04 08:00:00,316288.0
2021-12-04 08:30:00,309888.0
2021-12-04 09:00:00,309056.0
2021-12-04 09:30:00,305472.0
2021-12-04 10:00:00,302528.0
2021-12-04 10:30:00,297216.0
2021-12-04 11:00:00,296064.0
2021-12-04 11:30:00,301824.0
2021-12-04 12:00:00,297216.0
2021-12-04 12:30:00,303872.0
2021-12-04 13:00:00,300544.0
2021-12-04 13:30:00,295424.0
2021-12-04 14:00:00,287488.0
2021-12-04 14:30:00,280832.0
2021-12-04 15:00:00,281344.0
2021-12-04 15:30:00,279552.0
2021-12-04 16:00:00,271104.0
2021-12-04 16:30:00,269056.0
2021-12-04 17:00:00,271616.0
2021-12-04 17:30:00,266240.0
2021-12-04 18:00:00,264704.0
2021-12-04 18:30:00,268800.0
2021-12-04 19:00:00,268544.0
2021-12-04 19:30:00,263424.0
2021-12-04 20:00:00,270592.0
2021-12-04 20:30:00,269056.0
2021-12-04 21:00:00,268544.0
2021-12-04 21:30:00,266240.0
2021-12-04 22:00:00,268800.0
2021-12-04 22:30:00,272640.0
2021-12-04 23:00:00,280320.0
2021-12-04 23:30:00,300096.0
2021-12-05 00:00:00,299904.0
2021-12-05 00:30:00,303872.0
2021-12-05 01:00:00,298752.0
2021-12-05 01:30:00,300736.0
2021-12-05 02:00:00,305024.0
2021-12-05 02:30:00,310528.0
2021-12-05 03:00:00,315136.0
2021-12-05 03:30:00,311168.0
2021-12-05 04:00:00,315008.0
2021-12-05 04:30:00,320960.0
2021-12-05 05:00:00,309632.0
2021-12-05 05:30:00,311168.0
2021-12-05 06:00:00,312512.0
2021-12-05 06:30:00,312128.0
2021-12-05 07:00:00,310016.0
2021-12-05 07:30:00,306560.0
2021-12-05 08:00:00,304256.0
2021-12-05 08:30:00,301632.0
2021-12-05 09:00:00,294592.0
2021-12-05 09:30:00,300928.0
2021-12-05 10:00:00,297856.0
2021-12-05 10:30:00,297408.0
2021-12-05 11:00:00,307840.0
2021-12-05 11:30:00,311808.0
2021-12-05 12:00:00,304640.0
2021-12-05 12:30:00,307712.0
2021-12-05 13:00:00,307456.0
2021-12-05 13:30:00,293888.0
2021-12-05 14:00:00,-335168.0
2021-12-05 14:30:00,891712.0
2021-12-05 15:00:00,276224.0
2021-12-05 15:30:00,282624.0
2021-12-05 16:00:00,278272.0
2021-12-05 16:30:00,268288.0
2021-12-05 17:00:00,271872.0
2021-12-05 17:30:00,276480.0
2021-12-05 18:00:00,268800.0
2021-12-05 18:30:00,269312.0
2021-12-05 19:00:00,267776.0
2021-12-05 19:30:00,277504.0
2021-12-05 20:00:00,270848.0
2021-12-05 20:30:00,268032.0
2021-12-05 21:00:00,264960.0
2021-12-05 21:30:00,271360.0
2021-12-05 22:00:00,269824.0
2021-12-05 22:30:00,281856.0
2021-12-05 23:00:00,299520.0
2021-12-05 23:30:00,372224.0
2021-12-06 00:00:00,397120.0
2021-12-06 00:30:00,399808.0
2021-12-06 01:00:00,414592.0
2021-12-06 01:30:00,412672.0
2021-12-06 02:00:00,315776.0
2021-12-06 02:30:00,515520.0
2021-12-06 03:00:00,403712.0
2021-12-06 03:30:00,408256.0
2021-12-06 04:00:00,413824.0
2021-12-06 04:30:00,403584.0
2021-12-06 05:00:00,400256.0
2021-12-06 05:30:00,407744.0
2021-12-06 06:00:00,406528.0
2021-12-06 06:30:00,403520.0
2021-12-06 07:00:00,404864.0
2021-12-06 07:30:00,402368.0
2021-12-06 08:00:00,404672.0
2021-12-06 08:30:00,398976.0
2021-12-06 09:00:00,407744.0
2021-12-06 09:30:00,410752.0
2021-12-06 10:00:00,398208.0
2021-12-06 10:30:00,391104.0
2021-12-06 11:00:00,397504.0
2021-12-06 11:30:00,356608.0
2021-12-06 12:00:00,353536.0
2021-12-06 12:30:00,363776.0
2021-12-06 13:00:00,367360.0
2021-12-06 13:30:00,325120.0
2021-12-06 14:00:00,310784.0
2021-12-06 14:30:00,287488.0
2021-12-06 15:00:00,297216.0
2021-12-06 15:30:00,295424.0
2021-12-06 16:00:00,294912.0
2021-12-06 16:30:00,282368.0
2021-12-06 17:00:00,285440.0
2021-12-06 17:30:00,280320.0
2021-12-06 18:00:00,277248.0
2021-12-06 18:30:00,270080.0
2021-12-06 19:00:00,273152.0
2021-12-06 19:30:00,278272.0
2021-12-06 20:00:00,271104.0
2021-12-06 20:30:00,273152.0
2021-12-06 21:00:00,275968.0
2021-12-06 21:30:00,278528.0
2021-12-06 22:00:00,-335680.0
2021-12-06 22:30:00,896832.0
2021-12-06 23:00:00,306752.0
2021-12-06 23:30:00,376320.0
2021-12-07 00:00:00,395584.0
2021-12-07 00:30:00,402944.0
2021-12-07 01:00:00,409216.0
2021-12-07 01:30:00,408832.0
2021-12-07 02:00:00,416576.0
2021-12-07 02:30:00,425472.0
2021-12-07 03:00:00,412544.0
2021-12-07 03:30:00,417536.0
2021-12-07 04:00:00,420480.0
2021-12-07 04:30:00,416064.0
2021-12-07 05:00:00,420352.0
2021-12-07 05:30:00,417472.0
2021-12-07 06:00:00,423488.0
2021-12-07 06:30:00,427712.0
2021-12-07 07:00:00,416576.0
2021-12-07 07:30:00,412864.0
2021-12-07 08:00:00,411904.0
2021-12-07 08:30:00,411840.0
2021-12-07 09:00:00,418816.0
2021-12-07 09:30:00,407552.0
2021-12-07 10:00:00,402240.0
2021-12-07 10:30:00,413184.0
2021-12-07 11:00:00,403968.0
2021-12-07 11:30:00,363008.0
2021-12-07 12:00:00,356608.0
2021-12-07 12:30:00,358912.0
2021-12-07 13:00:00,363008.0
2021-12-07 13:30:00,315904.0
2021-12-07 14:00:00,296448.0
2021-12-07 14:30:00,277248.0
2021-12-07 15:00:00,280576.0
2021-12-07 15:30:00,280576.0
2021-12-07 16:00:00,278272.0
2021-12-07 16:30:00,271104.0
2021-12-07 17:00:00,268032.0
2021-12-07 17:30:00,268288.0
2021-12-07 18:00:00,264704.0
2021-12-07 18:30:00,265984.0
2021-12-07 19:00:00,257792.0
2021-12-07 19:30:00,262912.0
2021-12-07 20:00:00,256768.0
2021-12-07 20:30:00,257792.0
2021-12-07 21:00:00,260864.0
2021-12-07 21:30:00,264960.0
2021-12-07 22:00:00,263936.0
2021-12-07 22:30:00,278784.0
2021-12-07 23:00:00,296704.0
2021-12-07 23:30:00,369280.0
2021-12-08 00:00:00,385280.0
2021-12-08 00:30:00,392064.0
2021-12-08 01:00:00,407360.0
2021-12-08 01:30:00,401472.0
2021-12-08 02:00:00,400320.0
2021-12-08 02:30:00,419648.0
2021-12-08 03:00:00,405952.0
2021-12-08 03:30:00,409792.0
2021-12-08 04:00:00,407232.0
2021-12-08 04:30:00,402176.0
2021-12-08 05:00:00,412736.0
2021-12-08 05:30:00,405184.0
2021-12-08 06:00:00,404544.0
2021-12-08 06:30:00,409280.0
2021-12-08 07:00:00,399616.0
2021-12-08 07:30:00,404416.0
2021-12-08 08:00:00,403456.0
2021-12-08 08:30:00,397056.0
2021-12-08 09:00:00,402880.0
2021-12-08 09:30:00,390528.0
2021-12-08 10:00:00,389824.0
2021-12-08 10:30:00,400448.0
2021-12-08 11:00:00,404800.0
2021-12-08 11:30:00,369152.0
2021-12-08 12:00:00,354304.0
2021-12-08 12:30:00,365056.0
2021-12-08 13:00:00,370176.0
2021-12-08 13:30:00,330240.0
2021-12-08 14:00:00,318208.0
2021-12-08 14:30:00,298752.0
2021-12-08 15:00:00,303104.0
2021-12-08 15:30:00,299008.0
2021-12-08 16:00:00,299520.0
2021-12-08 16:30:00,288768.0
2021-12-08 17:00:00,289536.0
2021-12-08 17:30:00,287744.0
2021-12-08 18:00:00,280064.0
2021-12-08 18:30:00,280320.0
2021-12-08 19:00:00,283392.0
2021-12-08 19:30:00,282368.0
2021-12-08 20:00:00,276224.0
2021-12-08 20:30:00,282368.0
2021-12-08 21:00:00,282368.0
2021-12-08 21:30:00,278272.0
2021-12-08 22:00:00,275200.0
2021-12-08 22:30:00,296192.0
2021-12-08 23:00:00,303104.0
2021-12-08 23:30:00,384000.0
2021-12-09 00:00:00,401920.0
2021-12-09 00:30:00,407488.0
2021-12-09 01:00:00,405824.0
2021-12-09 01:30:00,402560.0
2021-12-09 02:00:00,408512.0
2021-12-09 02:30:00,414208.0
2021-12-09 03:00:00,410368.0
2021-12-09 03:30:00,414720.0
2021-12-09 04:00:00,416704.0
2021-12-09 04:30:00,424640.0
2021-12-09 05:00:00,423744.0
2021-12-09 05:30:00,417408.0
2021-12-09 06:00:00,424064.0
2021-12-09 06:30:00,414848.0
2021-12-09 07:00:00,416704.0
2021-12-09 07:30:00,413952.0
2021-12-09 08:00:00,411968.0
2021-12-09 08:30:00,414528.0
2021-12-09 09:00:00,407552.0
2021-12-09 09:30:00,398528.0
2021-12-09 10:00:00,403776.0
2021-12-09 10:30:00,395264.0
2021-12-09 11:00:00,399360.0
2021-12-09 11:30:00,362496.0
2021-12-09 12:00:00,354048.0
2021-12-09 12:30:00,362240.0
2021-12-09 13:00:00,363520.0
2021-12-09 13:30:00,331008.0
2021-12-09 14:00:00,317952.0
2021-12-09 14:30:00,293888.0
2021-12-09 15:00:00,289792.0
2021-12-09 15:30:00,289536.0
2021-12-09 16:00:00,296960.0
2021-12-09 16:30:00,284160.0
2021-12-09 17:00:00,280576.0
2021-12-09 17:30:00,274944.0
2021-12-09 18:00:00,278272.0
2021-12-09 18:30:00,278272.0
2021-12-09 19:00:00,274432.0
2021-12-09 19:30:00,275968.0
2021-12-09 20:00:00,283392.0
2021-12-09 20:30:00,280320.0
2021-12-09 21:00:00,276224.0
2021-12-09 21:30:00,279296.0
2021-12-09 22:00:00,282368.0
2021-12-09 22:30:00,300544.0
2021-12-09 23:00:00,313088.0
2021-12-09 23:30:00,379072.0
2021-12-10 00:00:00,395584.0
2021-12-10 00:30:00,409920.0
2021-12-10 01:00:00,406016.0
2021-12-10 01:30:00,400192.0
2021-12-10 02:00:00,410560.0
2021-12-10 02:30:00,415168.0
2021-12-10 03:00:00,417280.0
2021-12-10 03:30:00,416064.0
2021-12-10 04:00:00,419072.0
2021-12-10 04:30:00,417408.0
2021-12-10 05:00:00,423744.0
2021-12-10 05:30:00,419072.0
2021-12-10 06:00:00,414272.0
2021-12-10 06:30:00,418816.0
2021-12-10 07:00:00,417216.0
2021-12-10 07:30:00,414464.0
2021-12-10 08:00:00,401152.0
2021-12-10 08:30:00,400064.0
2021-12-10 09:00:00,404864.0
2021-12-10 09:30:00,401152.0
2021-12-10 10:00:00,400384.0
2021-12-10 10:30:00,397312.0
2021-12-10 11:00:00,408064.0
2021-12-10 11:30:00,379392.0
2021-12-10 12:00:00,363008.0
2021-12-10 12:30:00,373248.0
2021-12-10 13:00:00,371968.0
2021-12-10 13:30:00,334592.0
2021-12-10 14:00:00,314112.0
2021-12-10 14:30:00,293376.0
2021-12-10 15:00:00,295680.0
2021-12-10 15:30:00,293376.0
2021-12-10 16:00:00,289280.0
2021-12-10 16:30:00,277504.0
2021-12-10 17:00:00,282880.0
2021-12-10 17:30:00,277760.0
2021-12-10 18:00:00,279808.0
2021-12-10 18:30:00,272640.0
2021-12-10 19:00:00,269312.0
2021-12-10 19:30:00,272640.0
2021-12-10 20:00:00,269568.0
2021-12-10 20:30:00,268544.0
2021-12-10 21:00:00,272384.0
2021-12-10 21:30:00,274432.0
2021-12-10 22:00:00,274944.0
2021-12-10 22:30:00,287488.0
2021-12-10 23:00:00,302336.0
2021-12-10 23:30:00,347328.0
2021-12-11 00:00:00,352064.0
2021-12-11 00:30:00,356480.0
2021-12-11 01:00:00,361536.0
2021-12-11 01:30:00,363072.0
2021-12-11 02:00:00,362496.0
2021-12-11 02:30:00,369536.0
2021-12-11 03:00:00,377856.0
2021-12-11 03:30:00,379520.0
2021-12-11 04:00:00,372352.0
2021-12-11 04:30:00,341056.0
2021-12-11 05:00:00,340864.0
2021-12-11 05:30:00,331328.0
2021-12-11 06:00:00,324864.0
2021-12-11 06:30:00,315456.0
2021-12-11 07:00:00,311552.0
2021-12-11 07:30:00,312256.0
2021-12-11 08:00:00,306432.0
2021-12-11 08:30:00,306752.0
2021-12-11 09:00:00,306880.0
2021-12-11 09:30:00,309888.0
2021-12-11 10:00:00,310528.0
2021-12-11 10:30:00,285440.0
2021-12-11 11:00:00,299840.0
2021-12-11 11:30:00,300800.0
2021-12-11 12:00:00,296192.0
2021-12-11 12:30:00,300544.0
2021-12-11 13:00:00,291840.0
2021-12-11 13:30:00,292096.0
2021-12-11 14:00:00,277504.0
2021-12-11 14:30:00,273920.0
2021-12-11 15:00:00,275712.0
2021-12-11 15:30:00,274688.0
2021-12-11 16:00:00,271872.0
2021-12-11 16:30:00,265984.0
2021-12-11 17:00:00,264704.0
2021-12-11 17:30:00,266496.0
2021-12-11 18:00:00,266752.0
2021-12-11 18:30:00,258560.0
2021-12-11 19:00:00,265984.0
2021-12-11 19:30:00,264960.0
2021-12-11 20:00:00,264960.0
2021-12-11 20:30:00,270848.0
2021-12-11 21:00:00,263936.0
2021-12-11 21:30:00,265984.0
2021-12-11 22:00:00,263936.0
2021-12-11 22:30:00,270592.0
2021-12-11 23:00:00,280576.0
2021-12-11 23:30:00,298176.0
2021-12-12 00:00:00,295936.0
2021-12-12 00:30:00,298496.0
2021-12-12 01:00:00,299968.0
2021-12-12 01:30:00,300416.0
2021-12-12 02:00:00,300160.0
2021-12-12 02:30:00,304000.0
2021-12-12 03:00:00,305792.0
2021-12-12 03:30:00,312768.0
2021-12-12 04:00:00,313664.0
2021-12-12 04:30:00,317248.0
2021-12-12 05:00:00,319552.0
2021-12-12 05:30:00,316416.0
2021-12-12 06:00:00,311744.0
2021-12-12 06:30:00,310784.0
2021-12-12 07:00:00,312192.0
2021-12-12 07:30:00,316864.0
2021-12-12 08:00:00,306368.0
2021-12-12 08:30:00,299200.0
2021-12-12 09:00:00,301888.0
2021-12-12 09:30:00,299264.0
2021-12-12 10:00:00,297024.0
2021-12-12 10:30:00,301184.0
2021-12-12 11:00:00,319040.0
2021-12-12 11:30:00,312320.0
2021-12-12 12:00:00,315648.0
2021-12-12 12:30:00,310016.0
2021-12-12 13:00:00,312576.0
2021-12-12 13:30:00,294912.0
2021-12-12 14:00:00,284672.0
2021-12-12 14:30:00,278784.0
2021-12-12 15:00:00,274688.0
2021-12-12 15:30:00,273152.0
2021-12-12 16:00:00,276736.0
2021-12-12 16:30:00,268288.0
2021-12-12 17:00:00,272128.0
2021-12-12 17:30:00,278528.0
2021-12-12 18:00:00,268544.0
2021-12-12 18:30:00,264192.0
2021-12-12 19:00:00,263424.0
2021-12-12 19:30:00,267776.0
2021-12-12 20:00:00,264448.0
2021-12-12 20:30:00,264448.0
2021-12-12 21:00:00,262400.0
2021-12-12 21:30:00,267264.0
2021-12-12 22:00:00,275456.0
2021-12-12 22:30:00,285184.0
2021-12-12 23:00:00,295168.0
2021-12-12 23:30:00,365504.0
2021-12-13 00:00:00,389120.0
2021-12-13 00:30:00,392128.0
2021-12-13 01:00:00,399360.0
2021-12-13 01:30:00,391104.0
2021-12-13 02:00:00,405376.0
2021-12-13 02:30:00,415296.0
2021-12-13 03:00:00,411456.0
2021-12-13 03:30:00,410688.0
2021-12-13 04:00:00,410304.0
2021-12-13 04:30:00,409664.0
2021-12-13 05:00:00,416896.0
2021-12-13 05:30:00,421120.0
2021-12-13 06:00:00,416448.0
2021-12-13 06:30:00,412864.0
2021-12-13 07:00:00,417728.0
2021-12-13 07:30:00,408000.0
2021-12-13 08:00:00,408384.0
2021-12-13 08:30:00,405312.0
2021-12-13 09:00:00,407040.0
2021-12-13 09:30:00,413952.0
2021-12-13 10:00:00,406464.0
2021-12-13 10:30:00,393600.0
2021-12-13 11:00:00,404032.0
2021-12-13 11:30:00,373248.0
2021-12-13 12:00:00,363264.0
2021-12-13 12:30:00,374528.0
2021-12-13 13:00:00,367616.0
2021-12-13 13:30:00,332288.0
2021-12-13 14:00:00,313856.0
2021-12-13 14:30:00,296192.0
2021-12-13 15:00:00,286976.0
2021-12-13 15:30:00,289792.0
2021-12-13 16:00:00,293120.0
2021-12-13 16:30:00,279296.0
2021-12-13 17:00:00,283904.0
2021-12-13 17:30:00,278528.0
2021-12-13 18:00:00,285696.0
2021-12-13 18:30:00,278528.0
2021-12-13 19:00:00,274176.0
2021-12-13 19:30:00,284928.0
2021-12-13 20:00:00,276224.0
2021-12-13 20:30:00,283904.0
2021-12-13 21:00:00,274176.0
2021-12-13 21:30:00,280832.0
2021-12-13 22:00:00,279296.0
2021-12-13 22:30:00,298496.0
2021-12-13 23:00:00,318720.0
2021-12-13 23:30:00,378560.0
2021-12-14 00:00:00,392128.0
2021-12-14 00:30:00,397824.0
2021-12-14 01:00:00,410368.0
2021-12-14 01:30:00,409408.0
2021-12-14 02:00:00,407680.0
2021-12-14 02:30:00,404608.0
2021-12-14 03:00:00,422272.0
2021-12-14 03:30:00,423872.0
2021-12-14 04:00:00,420160.0
2021-12-14 04:30:00,421056.0
2021-12-14 05:00:00,421696.0
2021-12-14 05:30:00,417984.0
2021-12-14 06:00:00,415424.0
2021-12-14 06:30:00,409216.0
2021-12-14 07:00:00,406656.0
2021-12-14 07:30:00,409536.0
2021-12-14 08:00:00,411968.0
2021-12-14 08:30:00,409024.0
2021-12-14 09:00:00,409024.0
2021-12-14 09:30:00,404608.0
2021-12-14 10:00:00,410112.0
2021-12-14 10:30:00,407360.0
2021-12-14 11:00:00,402432.0
2021-12-14 11:30:00,372480.0
2021-12-14 12:00:00,358144.0
2021-12-14 12:30:00,359936.0
2021-12-14 13:00:00,368128.0
2021-12-14 13:30:00,331776.0
2021-12-14 14:00:00,314624.0
2021-12-14 14:30:00,302080.0
2021-12-14 15:00:00,301824.0
2021-12-14 15:30:00,300032.0
2021-12-14 16:00:00,302080.0
2021-12-14 16:30:00,288000.0
2021-12-14 17:00:00,289536.0
2021-12-14 17:30:00,281856.0
2021-12-14 18:00:00,286720.0
2021-12-14 18:30:00,284928.0
2021-12-14 19:00:00,284672.0
2021-12-14 19:30:00,280576.0
2021-12-14 20:00:00,277504.0
2021-12-14 20:30:00,278528.0
2021-12-14 21:00:00,282112.0
2021-12-14 21:30:00,278272.0
2021-12-14 22:00:00,279040.0
2021-12-14 22:30:00,293376.0
2021-12-14 23:00:00,308224.0
2021-12-14 23:30:00,372224.0
2021-12-15 00:00:00,390144.0
2021-12-15 00:30:00,393792.0
2021-12-15 01:00:00,393408.0
2021-12-15 01:30:00,394048.0
2021-12-15 02:00:00,400768.0
2021-12-15 02:30:00,406080.0
2021-12-15 03:00:00,406912.0
2021-12-15 03:30:00,409728.0
2021-12-15 04:00:00,416192.0
2021-12-15 04:30:00,419520.0
2021-12-15 05:00:00,415232.0
2021-12-15 05:30:00,413312.0
2021-12-15 06:00:00,422464.0
2021-12-15 06:30:00,422528.0
2021-12-15 07:00:00,421120.0
2021-12-15 07:30:00,417664.0
2021-12-15 08:00:00,421120.0
2021-12-15 08:30:00,418752.0
2021-12-15 09:00:00,422976.0
2021-12-15 09:30:00,413120.0
2021-12-15 10:00:00,414144.0
2021-12-15 10:30:00,408832.0
2021-12-15 11:00:00,405760.0
2021-12-15 11:30:00,378624.0
2021-12-15 12:00:00,367872.0
2021-12-15 12:30:00,372992.0
2021-12-15 13:00:00,366592.0
2021-12-15 13:30:00,326656.0
2021-12-15 14:00:00,309760.0
2021-12-15 14:30:00,301312.0
2021-12-15 15:00:00,301312.0
2021-12-15 15:30:00,295936.0
2021-12-15 16:00:00,293888.0
2021-12-15 16:30:00,292608.0
2021-12-15 17:00:00,289792.0
2021-12-15 17:30:00,289792.0
2021-12-15 18:00:00,286720.0
2021-12-15 18:30:00,281600.0
2021-12-15 19:00:00,284672.0
2021-12-15 19:30:00,278272.0
2021-12-15 20:00:00,283648.0
2021-12-15 20:30:00,280832.0
2021-12-15 21:00:00,277248.0
2021-12-15 21:30:00,281600.0
2021-12-15 22:00:00,277248.0
2021-12-15 22:30:00,299776.0
2021-12-15 23:00:00,314368.0
2021-12-15 23:30:00,384960.0
2021-12-16 00:00:00,396480.0
2021-12-16 00:30:00,402304.0
2021-12-16 01:00:00,412672.0
2021-12-16 01:30:00,417536.0
2021-12-16 02:00:00,421824.0
2021-12-16 02:30:00,423936.0
2021-12-16 03:00:00,423488.0
2021-12-16 03:30:00,424768.0
2021-12-16 04:00:00,425472.0
2021-12-16 04:30:00,417920.0
2021-12-16 05:00:00,419072.0
2021-12-16 05:30:00,418752.0
2021-12-16 06:00:00,427712.0
2021-12-16 06:30:00,414848.0
2021-12-16 07:00:00,418432.0
2021-12-16 07:30:00,414528.0
2021-12-16 08:00:00,418624.0
2021-12-16 08:30:00,413056.0
2021-12-16 09:00:00,409472.0
2021-12-16 09:30:00,409344.0
2021-12-16 10:00:00,407232.0
2021-12-16 10:30:00,411712.0
2021-12-16 11:00:00,410368.0
2021-12-16 11:30:00,373248.0
2021-12-16 12:00:00,366592.0
2021-12-16 12:30:00,371200.0
2021-12-16 13:00:00,370944.0
2021-12-16 13:30:00,330496.0
2021-12-16 14:00:00,318208.0
2021-12-16 14:30:00,295680.0
2021-12-16 15:00:00,296960.0
2021-12-16 15:30:00,292864.0
2021-12-16 16:00:00,297984.0
2021-12-16 16:30:00,293120.0
2021-12-16 17:00:00,287488.0
2021-12-16 17:30:00,296960.0
2021-12-16 18:00:00,287744.0
2021-12-16 18:30:00,285696.0
2021-12-16 19:00:00,288768.0
2021-12-16 19:30:00,283392.0
2021-12-16 20:00:00,280832.0
2021-12-16 20:30:00,276224.0
2021-12-16 21:00:00,277760.0
2021-12-16 21:30:00,272384.0
2021-12-16 22:00:00,265216.0
2021-12-16 22:30:00,270592.0
2021-12-16 23:00:00,294912.0
2021-12-16 23:30:00,348736.0
2021-12-17 00:00:00,361024.0
2021-12-17 00:30:00,363072.0
2021-12-17 01:00:00,373312.0
2021-12-17 01:30:00,373504.0
2021-12-17 02:00:00,388096.0
2021-12-17 02:30:00,386624.0
2021-12-17 03:00:00,397824.0
2021-12-17 03:30:00,388160.0
2021-12-17 04:00:00,404736.0
2021-12-17 04:30:00,406464.0
2021-12-17 05:00:00,399168.0
2021-12-17 05:30:00,397184.0
2021-12-17 06:00:00,402304.0
2021-12-17 06:30:00,408768.0
2021-12-17 07:00:00,407680.0
2021-12-17 07:30:00,394624.0
2021-12-17 08:00:00,402240.0
2021-12-17 08:30:00,401216.0
2021-12-17 09:00:00,404416.0
2021-12-17 09:30:00,404928.0
2021-12-17 10:00:00,396288.0
2021-12-17 10:30:00,391744.0
2021-12-17 11:00:00,408000.0
2021-12-17 11:30:00,369664.0
2021-12-17 12:00:00,355328.0
2021-12-17 12:30:00,356608.0
2021-12-17 13:00:00,363776.0
2021-12-17 13:30:00,321536.0
2021-12-17 14:00:00,312832.0
2021-12-17 14:30:00,292096.0
2021-12-17 15:00:00,294912.0
2021-12-17 15:30:00,282624.0
2021-12-17 16:00:00,282880.0
2021-12-17 16:30:00,273152.0
2021-12-17 17:00:00,276736.0
2021-12-17 17:30:00,276224.0
2021-12-17 18:00:00,273664.0
2021-12-17 18:30:00,273152.0
2021-12-17 19:00:00,270080.0
2021-12-17 19:30:00,277504.0
2021-12-17 20:00:00,275456.0
2021-12-17 20:30:00,272640.0
2021-12-17 21:00:00,270848.0
2021-12-17 21:30:00,274688.0
2021-12-17 22:00:00,276224.0
2021-12-17 22:30:00,295424.0
2021-12-17 23:00:00,294656.0
2021-12-17 23:30:00,348288.0
2021-12-18 00:00:00,354560.0
2021-12-18 00:30:00,352384.0
2021-12-18 01:00:00,279840.0
2021-12-18 01:30:00,0.0
2021-12-18 02:00:00,0.0
2021-12-18 02:30:00,0.0
2021-12-18 03:00:00,0.0
2021-12-18 03:30:00,0.0
2021-12-18 04:00:00,0.0
2021-12-18 04:30:00,0.0
2021-12-18 05:00:00,0.0
2021-12-18 05:30:00,0.0
2021-12-18 06:00:00,0.0
2021-12-18 06:30:00,0.0
2021-12-18 07:00:00,0.0
2021-12-18 07:30:00,0.0
2021-12-18 08:00:00,177336.8888888889
2021-12-18 08:30:00,305024.0
2021-12-18 09:00:00,307712.0
2021-12-18 09:30:00,311424.0
2021-12-18 10:00:00,311680.0
2021-12-18 10:30:00,288704.0
2021-12-18 11:00:00,292352.0
2021-12-18 11:30:00,294400.0
2021-12-18 12:00:00,297984.0
2021-12-18 12:30:00,291072.0
2021-12-18 13:00:00,297472.0
2021-12-18 13:30:00,296704.0
2021-12-18 14:00:00,282880.0
2021-12-18 14:30:00,276480.0
2021-12-18 15:00:00,280320.0
2021-12-18 15:30:00,275712.0
2021-12-18 16:00:00,281600.0
2021-12-18 16:30:00,270336.0
2021-12-18 17:00:00,270848.0
2021-12-18 17:30:00,267520.0
2021-12-18 18:00:00,264960.0
2021-12-18 18:30:00,264704.0
2021-12-18 19:00:00,268544.0
2021-12-18 19:30:00,267264.0
2021-12-18 20:00:00,268800.0
2021-12-18 20:30:00,267520.0
2021-12-18 21:00:00,262656.0
2021-12-18 21:30:00,267520.0
2021-12-18 22:00:00,272896.0
2021-12-18 22:30:00,274944.0
2021-12-18 23:00:00,281600.0
2021-12-18 23:30:00,305280.0
2021-12-19 00:00:00,307456.0
2021-12-19 00:30:00,308480.0
2021-12-19 01:00:00,306496.0
2021-12-19 01:30:00,308608.0
2021-12-19 02:00:00,312256.0
2021-12-19 02:30:00,313536.0
2021-12-19 03:00:00,314752.0
2021-12-19 03:30:00,326592.0
2021-12-19 04:00:00,321216.0
2021-12-19 04:30:00,325440.0
2021-12-19 05:00:00,328256.0
2021-12-19 05:30:00,327936.0
2021-12-19 06:00:00,325184.0
2021-12-19 06:30:00,324992.0
2021-12-19 07:00:00,323392.0
2021-12-19 07:30:00,318912.0
2021-12-19 08:00:00,316416.0
2021-12-19 08:30:00,307200.0
2021-12-19 09:00:00,310528.0
2021-12-19 09:30:00,314624.0
2021-12-19 10:00:00,310720.0
2021-12-19 10:30:00,302336.0
2021-12-19 11:00:00,307904.0
2021-12-19 11:30:00,311552.0
2021-12-19 12:00:00,313344.0
2021-12-19 12:30:00,311808.0
2021-12-19 13:00:00,310272.0
2021-12-19 13:30:00,291840.0
2021-12-19 14:00:00,279808.0
2021-12-19 14:30:00,280320.0
2021-12-19 15:00:00,276224.0
2021-12-19 15:30:00,278272.0
2021-12-19 16:00:00,276736.0
2021-12-19 16:30:00,274944.0
2021-12-19 17:00:00,266240.0
2021-12-19 17:30:00,266752.0
2021-12-19 18:00:00,270336.0
2021-12-19 18:30:00,268800.0
2021-12-19 19:00:00,268288.0
2021-12-19 19:30:00,270080.0
2021-12-19 20:00:00,262912.0
2021-12-19 20:30:00,262912.0
2021-12-19 21:00:00,264960.0
2021-12-19 21:30:00,265984.0
2021-12-19 22:00:00,269312.0
2021-12-19 22:30:00,288256.0
2021-12-19 23:00:00,301056.0
2021-12-19 23:30:00,377088.0
2021-12-20 00:00:00,395008.0
2021-12-20 00:30:00,404160.0
2021-12-20 01:00:00,412288.0
2021-12-20 01:30:00,411008.0
2021-12-20 02:00:00,406080.0
2021-12-20 02:30:00,421824.0
2021-12-20 03:00:00,415488.0
2021-12-20 03:30:00,423872.0
2021-12-20 04:00:00,423296.0
2021-12-20 04:30:00,430272.0
2021-12-20 05:00:00,427648.0
2021-12-20 05:30:00,430208.0
2021-12-20 06:00:00,426368.0
2021-12-20 06:30:00,422976.0
2021-12-20 07:00:00,423744.0
2021-12-20 07:30:00,418560.0
2021-12-20 08:00:00,418880.0
2021-12-20 08:30:00,412352.0
2021-12-20 09:00:00,411072.0
2021-12-20 09:30:00,408832.0
2021-12-20 10:00:00,404800.0
2021-12-20 10:30:00,400896.0
2021-12-20 11:00:00,410176.0
2021-12-20 11:30:00,371200.0
2021-12-20 12:00:00,355328.0
2021-12-20 12:30:00,358144.0
2021-12-20 13:00:00,372480.0
2021-12-20 13:30:00,335872.0
2021-12-20 14:00:00,321024.0
2021-12-20 14:30:00,294912.0
2021-12-20 15:00:00,293632.0
2021-12-20 15:30:00,292608.0
2021-12-20 16:00:00,287744.0
2021-12-20 16:30:00,276992.0
2021-12-20 17:00:00,282368.0
2021-12-20 17:30:00,282112.0
2021-12-20 18:00:00,281600.0
2021-12-20 18:30:00,274176.0
2021-12-20 19:00:00,265984.0
2021-12-20 19:30:00,259584.0
2021-12-20 20:00:00,254976.0
2021-12-20 20:30:00,255488.0
2021-12-20 21:00:00,249856.0
2021-12-20 21:30:00,244480.0
2021-12-20 22:00:00,241408.0
2021-12-20 22:30:00,259072.0
2021-12-20 23:00:00,271104.0
2021-12-20 23:30:00,339200.0
2021-12-21 00:00:00,356736.0
2021-12-21 00:30:00,362240.0
2021-12-21 01:00:00,362624.0
2021-12-21 01:30:00,383872.0
2021-12-21 02:00:00,400000.0
2021-12-21 02:30:00,412224.0
2021-12-21 03:00:00,414400.0
2021-12-21 03:30:00,416448.0
2021-12-21 04:00:00,419584.0
2021-12-21 04:30:00,414016.0
2021-12-21 05:00:00,406912.0
2021-12-21 05:30:00,411328.0
2021-12-21 06:00:00,403968.0
2021-12-21 06:30:00,406464.0
2021-12-21 07:00:00,414784.0
2021-12-21 07:30:00,403072.0
2021-12-21 08:00:00,410560.0
2021-12-21 08:30:00,399424.0
2021-12-21 09:00:00,400064.0
2021-12-21 09:30:00,398592.0
2021-12-21 10:00:00,395776.0
2021-12-21 10:30:00,393152.0
2021-12-21 11:00:00,392320.0
2021-12-21 11:30:00,351488.0
2021-12-21 12:00:00,347392.0
2021-12-21 12:30:00,356096.0
2021-12-21 13:00:00,365568.0
2021-12-21 13:30:00,327168.0
2021-12-21 14:00:00,320256.0
2021-12-21 14:30:00,290560.0
2021-12-21 15:00:00,292096.0
2021-12-21 15:30:00,293632.0
2021-12-21 16:00:00,292864.0
2021-12-21 16:30:00,280064.0
2021-12-21 17:00:00,275456.0
2021-12-21 17:30:00,272128.0
2021-12-21 18:00:00,268032.0
2021-12-21 18:30:00,267776.0
2021-12-21 19:00:00,265216.0
2021-12-21 19:30:00,265728.0
2021-12-21 20:00:00,269568.0
2021-12-21 20:30:00,265472.0
2021-12-21 21:00:00,264192.0
2021-12-21 21:30:00,262912.0
2021-12-21 22:00:00,268032.0
2021-12-21 22:30:00,281600.0
2021-12-21 23:00:00,296704.0
2021-12-21 23:30:00,372992.0
2021-12-22 00:00:00,389696.0
2021-12-22 00:30:00,389824.0
2021-12-22 01:00:00,390080.0
2021-12-22 01:30:00,388160.0
2021-12-22 02:00:00,394432.0
2021-12-22 02:30:00,392576.0
2021-12-22 03:00:00,395392.0
2021-12-22 03:30:00,401344.0
2021-12-22 04:00:00,398464.0
2021-12-22 04:30:00,399424.0
2021-12-22 05:00:00,394816.0
2021-12-22 05:30:00,394688.0
2021-12-22 06:00:00,397952.0
2021-12-22 06:30:00,389120.0
2021-12-22 07:00:00,392000.0
2021-12-22 07:30:00,396288.0
2021-12-22 08:00:00,390336.0
2021-12-22 08:30:00,391552.0
2021-12-22 09:00:00,389184.0
2021-12-22 09:30:00,401536.0
2021-12-22 10:00:00,387648.0
2021-12-22 10:30:00,385984.0
2021-12-22 11:00:00,391616.0
2021-12-22 11:30:00,354048.0
2021-12-22 12:00:00,350976.0
2021-12-22 12:30:00,351488.0
2021-12-22 13:00:00,359936.0
2021-12-22 13:30:00,324352.0
2021-12-22 14:00:00,300544.0
2021-12-22 14:30:00,287744.0
2021-12-22 15:00:00,285184.0
2021-12-22 15:30:00,284672.0
2021-12-22 16:00:00,285440.0
2021-12-22 16:30:00,273152.0
2021-12-22 17:00:00,266752.0
2021-12-22 17:30:00,264960.0
2021-12-22 18:00:00,258560.0
2021-12-22 18:30:00,255744.0
2021-12-22 19:00:00,255744.0
2021-12-22 19:30:00,255744.0
2021-12-22 20:00:00,257792.0
2021-12-22 20:30:00,259072.0
2021-12-22 21:00:00,256512.0
2021-12-22 21:30:00,257792.0
2021-12-22 22:00:00,259840.0
2021-12-22 22:30:00,275968.0
2021-12-22 23:00:00,293120.0
2021-12-22 23:30:00,367488.0
2021-12-23 00:00:00,383680.0
2021-12-23 00:30:00,395968.0
2021-12-23 01:00:00,392320.0
2021-12-23 01:30:00,389504.0
2021-12-23 02:00:00,387392.0
2021-12-23 02:30:00,390144.0
2021-12-23 03:00:00,403072.0
2021-12-23 03:30:00,405184.0
2021-12-23 04:00:00,400960.0
2021-12-23 04:30:00,398976.0
2021-12-23 05:00:00,395904.0
2021-12-23 05:30:00,396160.0
2021-12-23 06:00:00,401024.0
2021-12-23 06:30:00,400384.0
2021-12-23 07:00:00,393152.0
2021-12-23 07:30:00,396352.0
2021-12-23 08:00:00,397440.0
2021-12-23 08:30:00,398912.0
2021-12-23 09:00:00,390272.0
2021-12-23 09:30:00,385472.0
2021-12-23 10:00:00,382464.0
2021-12-23 10:30:00,386368.0
2021-12-23 11:00:00,382976.0
2021-12-23 11:30:00,344576.0
2021-12-23 12:00:00,339200.0
2021-12-23 12:30:00,347392.0
2021-12-23 13:00:00,352768.0
2021-12-23 13:30:00,322560.0
2021-12-23 14:00:00,302592.0
2021-12-23 14:30:00,282368.0
2021-12-23 15:00:00,282624.0
2021-12-23 15:30:00,283392.0
2021-12-23 16:00:00,281600.0
2021-12-23 16:30:00,278016.0
2021-12-23 17:00:00,280320.0
2021-12-23 17:30:00,274944.0
2021-12-23 18:00:00,279296.0
2021-12-23 18:30:00,273152.0
2021-12-23 19:00:00,276224.0
2021-12-23 19:30:00,276224.0
2021-12-23 20:00:00,274176.0
2021-12-23 20:30:00,270080.0
2021-12-23 21:00:00,272384.0
2021-12-23 21:30:00,275968.0
2021-12-23 22:00:00,274432.0
2021-12-23 22:30:00,286720.0
2021-12-23 23:00:00,297472.0
2021-12-23 23:30:00,365952.0
2021-12-24 00:00:00,380416.0
2021-12-24 00:30:00,383872.0
2021-12-24 01:00:00,396416.0
2021-12-24 01:30:00,388928.0
2021-12-24 02:00:00,392384.0
2021-12-24 02:30:00,389504.0
2021-12-24 03:00:00,398144.0
2021-12-24 03:30:00,394752.0
2021-12-24 04:00:00,388736.0
2021-12-24 04:30:00,389504.0
2021-12-24 05:00:00,393024.0
2021-12-24 05:30:00,400576.0
2021-12-24 06:00:00,392960.0
2021-12-24 06:30:00,392896.0
2021-12-24 07:00:00,386880.0
2021-12-24 07:30:00,390016.0
2021-12-24 08:00:00,395200.0
2021-12-24 08:30:00,382016.0
2021-12-24 09:00:00,378112.0
2021-12-24 09:30:00,378752.0
2021-12-24 10:00:00,377664.0
2021-12-24 10:30:00,381632.0
2021-12-24 11:00:00,382144.0
2021-12-24 11:30:00,356928.0
2021-12-24 12:00:00,343296.0
2021-12-24 12:30:00,349696.0
2021-12-24 13:00:00,363776.0
2021-12-24 13:30:00,324352.0
2021-12-24 14:00:00,308736.0
2021-12-24 14:30:00,283904.0
2021-12-24 15:00:00,286464.0
2021-12-24 15:30:00,286720.0
2021-12-24 16:00:00,281600.0
2021-12-24 16:30:00,269312.0
2021-12-24 17:00:00,274944.0
2021-12-24 17:30:00,272384.0
2021-12-24 18:00:00,273408.0
2021-12-24 18:30:00,267008.0
2021-12-24 19:00:00,269312.0
2021-12-24 19:30:00,267008.0
2021-12-24 20:00:00,269312.0
2021-12-24 20:30:00,270080.0
2021-12-24 21:00:00,268544.0
2021-12-24 21:30:00,272128.0
2021-12-24 22:00:00,270080.0
2021-12-24 22:30:00,274688.0
2021-12-24 23:00:00,271360.0
2021-12-24 23:30:00,295104.0
2021-12-25 00:00:00,289536.0
2021-12-25 00:30:00,290176.0
2021-12-25 01:00:00,293696.0
2021-12-25 01:30:00,290176.0
2021-12-25 02:00:00,294848.0
2021-12-25 02:30:00,304448.0
2021-12-25 03:00:00,304384.0
2021-12-25 03:30:00,310272.0
2021-12-25 04:00:00,310144.0
2021-12-25 04:30:00,307328.0
2021-12-25 05:00:00,303808.0
2021-12-25 05:30:00,298176.0
2021-12-25 06:00:00,303360.0
2021-12-25 06:30:00,295104.0
2021-12-25 07:00:00,296000.0
2021-12-25 07:30:00,297920.0
2021-12-25 08:00:00,297984.0
2021-12-25 08:30:00,296704.0
2021-12-25 09:00:00,295232.0
2021-12-25 09:30:00,288448.0
2021-12-25 10:00:00,289472.0
2021-12-25 10:30:00,288576.0
2021-12-25 11:00:00,301760.0
2021-12-25 11:30:00,300288.0
2021-12-25 12:00:00,291840.0
2021-12-25 12:30:00,290816.0
2021-12-25 13:00:00,300032.0
2021-12-25 13:30:00,292864.0
2021-12-25 14:00:00,283392.0
2021-12-25 14:30:00,276480.0
2021-12-25 15:00:00,285440.0
2021-12-25 15:30:00,278528.0
2021-12-25 16:00:00,273152.0
2021-12-25 16:30:00,290048.0
2021-12-25 17:00:00,285440.0
2021-12-25 17:30:00,281600.0
2021-12-25 18:00:00,283136.0
2021-12-25 18:30:00,282880.0
2021-12-25 19:00:00,279296.0
2021-12-25 19:30:00,281344.0
2021-12-25 20:00:00,280064.0
2021-12-25 20:30:00,280320.0
2021-12-25 21:00:00,278784.0
2021-12-25 21:30:00,284160.0
2021-12-25 22:00:00,280064.0
2021-12-25 22:30:00,284672.0
2021-12-25 23:00:00,285440.0
2021-12-25 23:30:00,317120.0
2021-12-26 00:00:00,318464.0
2021-12-26 00:30:00,319552.0
2021-12-26 01:00:00,315008.0
2021-12-26 01:30:00,314432.0
2021-12-26 02:00:00,319040.0
2021-12-26 02:30:00,324160.0
2021-12-26 03:00:00,331008.0
2021-12-26 03:30:00,334016.0
2021-12-26 04:00:00,326144.0
2021-12-26 04:30:00,334656.0
2021-12-26 05:00:00,332608.0
2021-12-26 05:30:00,330752.0
2021-12-26 06:00:00,331008.0
2021-12-26 06:30:00,332160.0
2021-12-26 07:00:00,333120.0
2021-12-26 07:30:00,331648.0
2021-12-26 08:00:00,324096.0
2021-12-26 08:30:00,322304.0
2021-12-26 09:00:00,322368.0
2021-12-26 09:30:00,320448.0
2021-12-26 10:00:00,320256.0
2021-12-26 10:30:00,318080.0
2021-12-26 11:00:00,324608.0
2021-12-26 11:30:00,327680.0
2021-12-26 12:00:00,329472.0
2021-12-26 12:30:00,327424.0
2021-12-26 13:00:00,324608.0
2021-12-26 13:30:00,302080.0
2021-12-26 14:00:00,293376.0
2021-12-26 14:30:00,291584.0
2021-12-26 15:00:00,300544.0
2021-12-26 15:30:00,299008.0
2021-12-26 16:00:00,300544.0
2021-12-26 16:30:00,276224.0
2021-12-26 17:00:00,281344.0
2021-12-26 17:30:00,276224.0
2021-12-26 18:00:00,275968.0
2021-12-26 18:30:00,277504.0
2021-12-26 19:00:00,274944.0
2021-12-26 19:30:00,275200.0
2021-12-26 20:00:00,273920.0
2021-12-26 20:30:00,274176.0
2021-12-26 21:00:00,274176.0
2021-12-26 21:30:00,275968.0
2021-12-26 22:00:00,276224.0
2021-12-26 22:30:00,292864.0
2021-12-26 23:00:00,294400.0
2021-12-26 23:30:00,367296.0
2021-12-27 00:00:00,394368.0
2021-12-27 00:30:00,405632.0
2021-12-27 01:00:00,417408.0
2021-12-27 01:30:00,409728.0
2021-12-27 02:00:00,409600.0
2021-12-27 02:30:00,411456.0
2021-12-27 03:00:00,415360.0
2021-12-27 03:30:00,411008.0
2021-12-27 04:00:00,412160.0
2021-12-27 04:30:00,417344.0
2021-12-27 05:00:00,411840.0
2021-12-27 05:30:00,409344.0
2021-12-27 06:00:00,411968.0
2021-12-27 06:30:00,411840.0
2021-12-27 07:00:00,405504.0
2021-12-27 07:30:00,402304.0
2021-12-27 08:00:00,402368.0
2021-12-27 08:30:00,399360.0
2021-12-27 09:00:00,396032.0
2021-12-27 09:30:00,394944.0
2021-12-27 10:00:00,389184.0
2021-12-27 10:30:00,394048.0
2021-12-27 11:00:00,399296.0
2021-12-27 11:30:00,375360.0
2021-12-27 12:00:00,359168.0
2021-12-27 12:30:00,357632.0
2021-12-27 13:00:00,354048.0
2021-12-27 13:30:00,324608.0
2021-12-27 14:00:00,302592.0
2021-12-27 14:30:00,287744.0
2021-12-27 15:00:00,281600.0
2021-12-27 15:30:00,277504.0
2021-12-27 16:00:00,278272.0
2021-12-27 16:30:00,269056.0
2021-12-27 17:00:00,273152.0
2021-12-27 17:30:00,335616.0
2021-12-27 18:00:00,206848.0
2021-12-27 18:30:00,271104.0
2021-12-27 19:00:00,266240.0
2021-12-27 19:30:00,268032.0
2021-12-27 20:00:00,263936.0
2021-12-27 20:30:00,264960.0
2021-12-27 21:00:00,263168.0
2021-12-27 21:30:00,270080.0
2021-12-27 22:00:00,264448.0
2021-12-27 22:30:00,281600.0
2021-12-27 23:00:00,289280.0
2021-12-27 23:30:00,365504.0
2021-12-28 00:00:00,386944.0
2021-12-28 00:30:00,394560.0
2021-12-28 01:00:00,404416.0
2021-12-28 01:30:00,401408.0
2021-12-28 02:00:00,398080.0
2021-12-28 02:30:00,412608.0
2021-12-28 03:00:00,412160.0
2021-12-28 03:30:00,405888.0
2021-12-28 04:00:00,413952.0
2021-12-28 04:30:00,410816.0
2021-12-28 05:00:00,406208.0
2021-12-28 05:30:00,409024.0
2021-12-28 06:00:00,407680.0
2021-12-28 06:30:00,402176.0
2021-12-28 07:00:00,399168.0
2021-12-28 07:30:00,403840.0
2021-12-28 08:00:00,401088.0
2021-12-28 08:30:00,400896.0
2021-12-28 09:00:00,397056.0
2021-12-28 09:30:00,401408.0
2021-12-28 10:00:00,398336.0
2021-12-28 10:30:00,389824.0
2021-12-28 11:00:00,391616.0
2021-12-28 11:30:00,365312.0
2021-12-28 12:00:00,352768.0
2021-12-28 12:30:00,351488.0
2021-12-28 13:00:00,350976.0
2021-12-28 13:30:00,315648.0
2021-12-28 14:00:00,300544.0
2021-12-28 14:30:00,280320.0
2021-12-28 15:00:00,278528.0
2021-12-28 15:30:00,275200.0
2021-12-28 16:00:00,278528.0
2021-12-28 16:30:00,267776.0
2021-12-28 17:00:00,268288.0
2021-12-28 17:30:00,268800.0
2021-12-28 18:00:00,261120.0
2021-12-28 18:30:00,257536.0
2021-12-28 19:00:00,258816.0
2021-12-28 19:30:00,264960.0
2021-12-28 20:00:00,260864.0
2021-12-28 20:30:00,258816.0
2021-12-28 21:00:00,256768.0
2021-12-28 21:30:00,256512.0
2021-12-28 22:00:00,260864.0
2021-12-28 22:30:00,274688.0
2021-12-28 23:00:00,285184.0
2021-12-28 23:30:00,355072.0
2021-12-29 00:00:00,368064.0
2021-12-29 00:30:00,383936.0
2021-12-29 01:00:00,387392.0
2021-12-29 01:30:00,394368.0
2021-12-29 02:00:00,394624.0
2021-12-29 02:30:00,393600.0
2021-12-29 03:00:00,394624.0
2021-12-29 03:30:00,398592.0
2021-12-29 04:00:00,403968.0
2021-12-29 04:30:00,401856.0
2021-12-29 05:00:00,405824.0
2021-12-29 05:30:00,403200.0
2021-12-29 06:00:00,399488.0
2021-12-29 06:30:00,401152.0
2021-12-29 07:00:00,389440.0
2021-12-29 07:30:00,391808.0
2021-12-29 08:00:00,394432.0
2021-12-29 08:30:00,398272.0
2021-12-29 09:00:00,399168.0
2021-12-29 09:30:00,398208.0
2021-12-29 10:00:00,399616.0
2021-12-29 10:30:00,392384.0
2021-12-29 11:00:00,391936.0
2021-12-29 11:30:00,369664.0
2021-12-29 12:00:00,352512.0
2021-12-29 12:30:00,352000.0
2021-12-29 13:00:00,352512.0
2021-12-29 13:30:00,322048.0
2021-12-29 14:00:00,304640.0
2021-12-29 14:30:00,284672.0
2021-12-29 15:00:00,283136.0
2021-12-29 15:30:00,283904.0
2021-12-29 16:00:00,285440.0
2021-12-29 16:30:00,273152.0
2021-12-29 17:00:00,272128.0
2021-12-29 17:30:00,275200.0
2021-12-29 18:00:00,273920.0
2021-12-29 18:30:00,270080.0
2021-12-29 19:00:00,275456.0
2021-12-29 19:30:00,268800.0
2021-12-29 20:00:00,272128.0
2021-12-29 20:30:00,269056.0
2021-12-29 21:00:00,268032.0
2021-12-29 21:30:00,273152.0
2021-12-29 22:00:00,271104.0
2021-12-29 22:30:00,286720.0
2021-12-29 23:00:00,299520.0
2021-12-29 23:30:00,368960.0
2021-12-30 00:00:00,387008.0
2021-12-30 00:30:00,399360.0
2021-12-30 01:00:00,404096.0
2021-12-30 01:30:00,403776.0
2021-12-30 02:00:00,401664.0
2021-12-30 02:30:00,404160.0
2021-12-30 03:00:00,409792.0
2021-12-30 03:30:00,409024.0
2021-12-30 04:00:00,401664.0
2021-12-30 04:30:00,403584.0
2021-12-30 05:00:00,407744.0
2021-12-30 05:30:00,409344.0
2021-12-30 06:00:00,405248.0
2021-12-30 06:30:00,397440.0
2021-12-30 07:00:00,399616.0
2021-12-30 07:30:00,401536.0
2021-12-30 08:00:00,404160.0
2021-12-30 08:30:00,402752.0
2021-12-30 09:00:00,398464.0
2021-12-30 09:30:00,397312.0
2021-12-30 10:00:00,387840.0
2021-12-30 10:30:00,393600.0
2021-12-30 11:00:00,396608.0
2021-12-30 11:30:00,363776.0
2021-12-30 12:00:00,355328.0
2021-12-30 12:30:00,351744.0
2021-12-30 13:00:00,349440.0
2021-12-30 13:30:00,315136.0
2021-12-30 14:00:00,-215616.0
2021-12-30 14:30:00,801088.0
2021-12-30 15:00:00,277248.0
2021-12-30 15:30:00,279552.0
2021-12-30 16:00:00,280064.0
2021-12-30 16:30:00,272384.0
2021-12-30 17:00:00,271872.0
2021-12-30 17:30:00,271360.0
2021-12-30 18:00:00,269056.0
2021-12-30 18:30:00,262912.0
2021-12-30 19:00:00,263680.0
2021-12-30 19:30:00,265984.0
2021-12-30 20:00:00,270336.0
2021-12-30 20:30:00,261888.0
2021-12-30 21:00:00,266240.0
2021-12-30 21:30:00,270848.0
2021-12-30 22:00:00,267008.0
2021-12-30 22:30:00,282624.0
2021-12-30 23:00:00,295424.0
2021-12-30 23:30:00,366144.0
2021-12-31 00:00:00,385792.0
2021-12-31 00:30:00,391808.0
2021-12-31 01:00:00,393216.0
2021-12-31 01:30:00,394688.0
2021-12-31 02:00:00,400768.0
2021-12-31 02:30:00,399360.0
2021-12-31 03:00:00,391488.0
2021-12-31 03:30:00,391936.0
2021-12-31 04:00:00,390784.0
2021-12-31 04:30:00,395392.0
2021-12-31 05:00:00,384640.0
2021-12-31 05:30:00,385728.0
2021-12-31 06:00:00,385280.0
2021-12-31 06:30:00,387072.0
2021-12-31 07:00:00,390464.0
2021-12-31 07:30:00,381248.0
2021-12-31 08:00:00,382720.0
2021-12-31 08:30:00,385152.0
2021-12-31 09:00:00,389056.0
2021-12-31 09:30:00,387520.0
2021-12-31 10:00:00,385024.0
2021-12-31 10:30:00,381056.0
2021-12-31 11:00:00,388800.0
2021-12-31 11:30:00,355328.0
2021-12-31 12:00:00,353792.0
2021-12-31 12:30:00,354560.0
2021-12-31 13:00:00,348160.0
2021-12-31 13:30:00,316928.0
2021-12-31 14:00:00,300288.0
2021-12-31 14:30:00,280320.0
2021-12-31 15:00:00,275456.0
2021-12-31 15:30:00,280320.0
2021-12-31 16:00:00,280576.0
2021-12-31 16:30:00,270080.0
2021-12-31 17:00:00,268032.0
2021-12-31 17:30:00,262912.0
2021-12-31 18:00:00,268032.0
2021-12-31 18:30:00,263680.0
2021-12-31 19:00:00,263424.0
2021-12-31 19:30:00,268800.0
2021-12-31 20:00:00,265216.0
2021-12-31 20:30:00,261632.0
2021-12-31 21:00:00,264192.0
2021-12-31 21:30:00,263680.0
2021-12-31 22:00:00,269312.0
2021-12-31 22:30:00,270592.0
2021-12-31 23:00:00,273664.0
2021-12-31 23:30:00,273472.0
2022-01-01 00:00:00,275968.0
